x-axis,MATH
Hertz,dBV
+47.0000E+03,-71.61083E+00
+47.5000E+03,-71.80614E+00
+48.0000E+03,-66.39598E+00
+48.5000E+03,-63.43700E+00
+49.0000E+03,-64.92138E+00
+49.5000E+03,-70.95653E+00
+50.0000E+03,-74.29638E+00
+50.5000E+03,-70.07763E+00
+51.0000E+03,-70.31200E+00
+51.5000E+03,-70.41942E+00
+52.0000E+03,-67.23583E+00
+52.5000E+03,-63.04638E+00
+53.0000E+03,-63.96434E+00
+53.5000E+03,-67.55809E+00
+54.0000E+03,-67.21630E+00
+54.5000E+03,-58.63231E+00
+55.0000E+03,-59.87255E+00
+55.5000E+03,-63.77880E+00
+56.0000E+03,-63.17333E+00
+56.5000E+03,-59.68700E+00
+57.0000E+03,-60.04833E+00
+57.5000E+03,-60.61473E+00
+58.0000E+03,-58.93505E+00
+58.5000E+03,-58.55419E+00
+59.0000E+03,-58.04638E+00
+59.5000E+03,-56.13231E+00
+60.0000E+03,-54.70653E+00
+60.5000E+03,-53.36864E+00
+61.0000E+03,-51.64013E+00
+61.5000E+03,-50.93700E+00
+62.0000E+03,-48.54442E+00
+62.5000E+03,-46.92333E+00
+63.0000E+03,-44.60888E+00
+63.5000E+03,-43.51513E+00
+64.0000E+03,-39.97997E+00
+64.5000E+03,-37.89989E+00
+65.0000E+03,-33.94481E+00
+65.5000E+03,-32.14794E+00
+66.0000E+03,-26.73778E+00
+66.5000E+03,-24.12059E+00
+67.0000E+03,-15.88817E+00
+67.5000E+03,-7.96825E+00
+68.0000E+03,+11.68019E+00
+68.5000E+03,+14.53175E+00
+69.0000E+03,+15.00050E+00
+69.5000E+03,+14.47316E+00
+70.0000E+03,+11.53370E+00
+70.5000E+03,+4.71730E+00
+71.0000E+03,-7.30419E+00
+71.5000E+03,-18.67138E+00
+72.0000E+03,-20.94677E+00
+72.5000E+03,-27.77294E+00
+73.0000E+03,-29.36473E+00
+73.5000E+03,-34.14013E+00
+74.0000E+03,-35.40966E+00
+74.5000E+03,-39.21825E+00
+75.0000E+03,-40.20458E+00
+75.5000E+03,-43.16356E+00
+76.0000E+03,-44.20848E+00
+76.5000E+03,-47.34325E+00
+77.0000E+03,-48.18309E+00
+77.5000E+03,-50.70263E+00
+78.0000E+03,-51.19091E+00
+78.5000E+03,-52.65575E+00
+79.0000E+03,-53.14403E+00
+79.5000E+03,-54.60888E+00
+80.0000E+03,-55.99559E+00
+80.5000E+03,-60.15575E+00
+81.0000E+03,-59.74559E+00
+81.5000E+03,-58.51513E+00
+82.0000E+03,-58.89598E+00
+82.5000E+03,-60.03856E+00
+83.0000E+03,-60.69286E+00
+83.5000E+03,-62.65575E+00
+84.0000E+03,-64.03270E+00
+84.5000E+03,-68.58348E+00
+85.0000E+03,-67.95848E+00
+85.5000E+03,-62.30419E+00
+86.0000E+03,-63.57372E+00
+86.5000E+03,-67.38231E+00
+87.0000E+03,-68.13427E+00
+87.5000E+03,-69.57958E+00
+88.0000E+03,-67.14794E+00
+88.5000E+03,-67.43114E+00
+89.0000E+03,-67.64598E+00
+89.5000E+03,-65.74169E+00
+90.0000E+03,-66.42528E+00
+90.5000E+03,-67.84130E+00
+91.0000E+03,-65.26317E+00
+91.5000E+03,-63.24169E+00
+92.0000E+03,-63.59325E+00
+92.5000E+03,-63.91552E+00
+93.0000E+03,-61.71825E+00
+93.5000E+03,-62.38231E+00
+94.0000E+03,-64.71630E+00
+94.5000E+03,-67.14794E+00
+95.0000E+03,-70.15575E+00
+95.5000E+03,-66.52294E+00
+96.0000E+03,-66.54247E+00
+96.5000E+03,-66.60106E+00
+97.0000E+03,-67.70458E+00
+97.5000E+03,-72.79247E+00
+98.0000E+03,-75.39013E+00
+98.5000E+03,-66.90380E+00
+99.0000E+03,-65.31200E+00
+99.5000E+03,-63.08544E+00
+100.0000E+03,-63.30028E+00
+100.5000E+03,-64.00341E+00
+101.0000E+03,-64.14013E+00
+101.5000E+03,-64.02294E+00
+102.0000E+03,-65.65380E+00
+102.5000E+03,-73.54442E+00
+103.0000E+03,-80.03856E+00
+103.5000E+03,-72.29442E+00
+104.0000E+03,-71.56200E+00
+104.5000E+03,-72.55809E+00
+105.0000E+03,-75.15575E+00
+105.5000E+03,-73.98388E+00
+106.0000E+03,-74.08153E+00
+106.5000E+03,-74.42333E+00
+107.0000E+03,-73.44677E+00
+107.5000E+03,-70.07763E+00
+108.0000E+03,-71.23973E+00
+108.5000E+03,-73.88622E+00
+109.0000E+03,-71.36669E+00
+109.5000E+03,-70.49755E+00
+110.0000E+03,-68.33934E+00
+110.5000E+03,-69.20848E+00
+111.0000E+03,-67.77294E+00
+111.5000E+03,-67.81200E+00
+112.0000E+03,-67.92919E+00
+112.5000E+03,-68.82763E+00
+113.0000E+03,-73.88622E+00
+113.5000E+03,-78.19286E+00
+114.0000E+03,-69.84325E+00
+114.5000E+03,-71.54247E+00
+115.0000E+03,-77.61669E+00
+115.5000E+03,-80.54638E+00
+116.0000E+03,-79.16942E+00
+116.5000E+03,-75.03856E+00
+117.0000E+03,-75.16552E+00
+117.5000E+03,-73.51513E+00
+118.0000E+03,-67.42138E+00
+118.5000E+03,-69.33544E+00
+119.0000E+03,-75.46825E+00
+119.5000E+03,-75.73192E+00
+120.0000E+03,-72.12841E+00
+120.5000E+03,-68.27098E+00
+121.0000E+03,-64.60888E+00
+121.5000E+03,-66.72802E+00
+122.0000E+03,-74.67723E+00
+122.5000E+03,-79.45263E+00
+123.0000E+03,-78.88622E+00
+123.5000E+03,-74.81395E+00
+124.0000E+03,-67.69481E+00
+124.5000E+03,-67.89989E+00
+125.0000E+03,-68.17333E+00
+125.5000E+03,-67.14794E+00
+126.0000E+03,-68.13427E+00
+126.5000E+03,-72.15770E+00
+127.0000E+03,-74.28661E+00
+127.5000E+03,-71.09325E+00
+128.0000E+03,-72.95848E+00
+128.5000E+03,-79.58934E+00
+129.0000E+03,-80.06786E+00
+129.5000E+03,-70.33153E+00
+130.0000E+03,-64.76513E+00
+130.5000E+03,-65.28270E+00
+131.0000E+03,-66.83544E+00
+131.5000E+03,-67.39208E+00
+132.0000E+03,-68.24169E+00
+132.5000E+03,-65.78075E+00
+133.0000E+03,-69.27684E+00
+133.5000E+03,-75.84911E+00
+134.0000E+03,-64.10106E+00
+134.5000E+03,-63.06591E+00
+135.0000E+03,-59.96044E+00
+135.5000E+03,-57.80223E+00
+136.0000E+03,-50.54638E+00
+136.5000E+03,-45.82958E+00
+137.0000E+03,-35.31200E+00
+137.5000E+03,-23.53466E+00
+138.0000E+03,-18.09520E+00
+138.5000E+03,-16.01513E+00
+139.0000E+03,-16.03466E+00
+139.5000E+03,-16.82567E+00
+140.0000E+03,-20.64403E+00
+140.5000E+03,-29.02294E+00
+141.0000E+03,-41.67919E+00
+141.5000E+03,-49.13036E+00
+142.0000E+03,-54.58934E+00
+142.5000E+03,-61.05419E+00
+143.0000E+03,-62.73388E+00
+143.5000E+03,-66.76708E+00
+144.0000E+03,-70.65380E+00
+144.5000E+03,-74.10106E+00
+145.0000E+03,-69.76513E+00
+145.5000E+03,-69.13036E+00
+146.0000E+03,-67.22606E+00
+146.5000E+03,-68.94481E+00
+147.0000E+03,-74.10106E+00
+147.5000E+03,-72.82177E+00
+148.0000E+03,-68.98388E+00
+148.5000E+03,-69.42333E+00
+149.0000E+03,-70.50731E+00
+149.5000E+03,-69.80419E+00
+150.0000E+03,-70.07763E+00
+150.5000E+03,-71.88427E+00
+151.0000E+03,-74.62841E+00
+151.5000E+03,-73.98388E+00
+152.0000E+03,-74.08153E+00
+152.5000E+03,-74.91161E+00
+153.0000E+03,-74.49169E+00
+153.5000E+03,-69.31591E+00
+154.0000E+03,-73.46630E+00
+154.5000E+03,-75.61473E+00
+155.0000E+03,-69.49169E+00
+155.5000E+03,-70.25341E+00
+156.0000E+03,-71.96239E+00
+156.5000E+03,-70.23388E+00
+157.0000E+03,-71.17138E+00
+157.5000E+03,-74.83348E+00
+158.0000E+03,-76.27880E+00
+158.5000E+03,-72.24559E+00
+159.0000E+03,-69.57958E+00
+159.5000E+03,-68.08544E+00
+160.0000E+03,-68.98388E+00
+160.5000E+03,-72.05028E+00
+161.0000E+03,-72.52880E+00
+161.5000E+03,-69.48192E+00
+162.0000E+03,-64.84325E+00
+162.5000E+03,-60.74169E+00
+163.0000E+03,-59.33544E+00
+163.5000E+03,-59.47216E+00
+164.0000E+03,-60.49755E+00
+164.5000E+03,-63.01708E+00
+165.0000E+03,-65.95653E+00
+165.5000E+03,-68.71044E+00
+166.0000E+03,-69.78466E+00
+166.5000E+03,-73.00731E+00
+167.0000E+03,-73.46630E+00
+167.5000E+03,-75.42919E+00
+168.0000E+03,-77.17723E+00
+168.5000E+03,-76.40575E+00
+169.0000E+03,-74.17919E+00
+169.5000E+03,-74.40380E+00
+170.0000E+03,-74.62841E+00
+170.5000E+03,-73.09520E+00
+171.0000E+03,-71.62059E+00
+171.5000E+03,-68.86669E+00
+172.0000E+03,-69.54052E+00
+172.5000E+03,-72.38231E+00
+173.0000E+03,-74.84325E+00
+173.5000E+03,-75.33153E+00
+174.0000E+03,-74.73583E+00
+174.5000E+03,-68.55419E+00
+175.0000E+03,-71.82567E+00
+175.5000E+03,-81.64013E+00
+176.0000E+03,-78.76903E+00
+176.5000E+03,-70.15575E+00
+177.0000E+03,-73.65184E+00
+177.5000E+03,-81.67919E+00
+178.0000E+03,-74.29638E+00
+178.5000E+03,-74.85302E+00
+179.0000E+03,-76.52294E+00
+179.5000E+03,-74.83348E+00
+180.0000E+03,-69.76513E+00
+180.5000E+03,-69.49169E+00
+181.0000E+03,-68.67138E+00
+181.5000E+03,-68.40770E+00
+182.0000E+03,-67.61669E+00
+182.5000E+03,-68.70067E+00
+183.0000E+03,-70.17528E+00
+183.5000E+03,-64.84325E+00
+184.0000E+03,-64.81395E+00
+184.5000E+03,-64.72606E+00
+185.0000E+03,-65.95653E+00
+185.5000E+03,-70.04833E+00
+186.0000E+03,-69.92138E+00
+186.5000E+03,-65.93700E+00
+187.0000E+03,-66.12255E+00
+187.5000E+03,-66.67919E+00
+188.0000E+03,-67.18700E+00
+188.5000E+03,-69.81395E+00
+189.0000E+03,-72.86083E+00
+189.5000E+03,-72.06981E+00
+190.0000E+03,-72.64598E+00
+190.5000E+03,-74.89208E+00
+191.0000E+03,-75.43895E+00
+191.5000E+03,-70.76122E+00
+192.0000E+03,-65.78075E+00
+192.5000E+03,-65.89794E+00
+193.0000E+03,-69.60888E+00
+193.5000E+03,-77.67528E+00
+194.0000E+03,-70.65380E+00
+194.5000E+03,-67.69481E+00
+195.0000E+03,-68.01708E+00
+195.5000E+03,-68.83739E+00
+196.0000E+03,-68.85692E+00
+196.5000E+03,-71.44481E+00
+197.0000E+03,-74.12059E+00
+197.5000E+03,-70.60497E+00
+198.0000E+03,-68.12450E+00
+198.5000E+03,-66.48388E+00
+199.0000E+03,-68.62255E+00
+199.5000E+03,-74.12059E+00
+200.0000E+03,-71.36669E+00
+200.5000E+03,-70.01903E+00
+201.0000E+03,-65.97606E+00
+201.5000E+03,-67.65575E+00
+202.0000E+03,-72.92919E+00
+202.5000E+03,-73.63231E+00
+203.0000E+03,-74.60888E+00
+203.5000E+03,-74.54052E+00
+204.0000E+03,-65.54638E+00
+204.5000E+03,-65.62450E+00
+205.0000E+03,-65.85888E+00
+205.5000E+03,-65.32177E+00
+206.0000E+03,-63.71044E+00
+206.5000E+03,-60.48778E+00
+207.0000E+03,-48.28075E+00
+207.5000E+03,-39.50145E+00
+208.0000E+03,-35.48778E+00
+208.5000E+03,-33.90575E+00
+209.0000E+03,-34.11083E+00
+209.5000E+03,-35.64403E+00
+210.0000E+03,-40.55614E+00
+210.5000E+03,-49.79442E+00
+211.0000E+03,-58.08544E+00
+211.5000E+03,-60.07763E+00
+212.0000E+03,-66.05419E+00
+212.5000E+03,-66.45458E+00
+213.0000E+03,-67.65575E+00
+213.5000E+03,-67.99755E+00
+214.0000E+03,-69.97997E+00
+214.5000E+03,-72.85106E+00
+215.0000E+03,-73.21239E+00
+215.5000E+03,-74.14013E+00
+216.0000E+03,-73.10497E+00
+216.5000E+03,-71.40575E+00
+217.0000E+03,-71.57177E+00
+217.5000E+03,-72.06981E+00
+218.0000E+03,-72.18700E+00
+218.5000E+03,-72.53856E+00
+219.0000E+03,-73.32958E+00
+219.5000E+03,-75.23388E+00
+220.0000E+03,-73.82763E+00
+220.5000E+03,-72.89013E+00
+221.0000E+03,-70.07763E+00
+221.5000E+03,-73.19286E+00
+222.0000E+03,-80.36083E+00
+222.5000E+03,-73.82763E+00
+223.0000E+03,-72.58739E+00
+223.5000E+03,-68.86669E+00
+224.0000E+03,-69.90184E+00
+224.5000E+03,-71.50341E+00
+225.0000E+03,-66.21044E+00
+225.5000E+03,-63.86669E+00
+226.0000E+03,-66.03466E+00
+226.5000E+03,-73.29052E+00
+227.0000E+03,-74.51122E+00
+227.5000E+03,-70.93700E+00
+228.0000E+03,-69.53075E+00
+228.5000E+03,-69.19872E+00
+229.0000E+03,-68.20263E+00
+229.5000E+03,-69.25731E+00
+230.0000E+03,-72.70458E+00
+230.5000E+03,-73.62255E+00
+231.0000E+03,-73.38817E+00
+231.5000E+03,-71.72802E+00
+232.0000E+03,-70.70263E+00
+232.5000E+03,-69.88231E+00
+233.0000E+03,-67.22606E+00
+233.5000E+03,-66.64013E+00
+234.0000E+03,-67.28466E+00
+234.5000E+03,-70.03856E+00
+235.0000E+03,-72.49950E+00
+235.5000E+03,-73.11473E+00
+236.0000E+03,-73.85692E+00
+236.5000E+03,-69.65770E+00
+237.0000E+03,-66.99169E+00
+237.5000E+03,-67.42138E+00
+238.0000E+03,-69.29638E+00
+238.5000E+03,-70.83934E+00
+239.0000E+03,-70.19481E+00
+239.5000E+03,-71.40575E+00
+240.0000E+03,-75.35106E+00
+240.5000E+03,-77.85106E+00
+241.0000E+03,-79.92138E+00
+241.5000E+03,-72.06981E+00
+242.0000E+03,-71.89403E+00
+242.5000E+03,-70.53661E+00
+243.0000E+03,-67.18700E+00
+243.5000E+03,-64.60888E+00
+244.0000E+03,-64.72606E+00
+244.5000E+03,-66.35692E+00
+245.0000E+03,-71.32763E+00
+245.5000E+03,-74.97020E+00
+246.0000E+03,-75.70263E+00
+246.5000E+03,-74.57958E+00
+247.0000E+03,-71.06395E+00
+247.5000E+03,-70.62450E+00
+248.0000E+03,-71.41552E+00
+248.5000E+03,-74.93114E+00
+249.0000E+03,-78.35888E+00
+249.5000E+03,-78.30028E+00
+250.0000E+03,-76.05419E+00
+250.5000E+03,-68.89598E+00
+251.0000E+03,-66.05419E+00
+251.5000E+03,-66.61083E+00
+252.0000E+03,-68.98388E+00
+252.5000E+03,-70.05809E+00
+253.0000E+03,-66.16161E+00
+253.5000E+03,-63.33934E+00
+254.0000E+03,-61.99169E+00
+254.5000E+03,-62.34325E+00
+255.0000E+03,-64.49169E+00
+255.5000E+03,-68.57372E+00
+256.0000E+03,-70.97606E+00
+256.5000E+03,-70.79052E+00
+257.0000E+03,-70.23388E+00
+257.5000E+03,-70.69286E+00
+258.0000E+03,-72.64598E+00
+258.5000E+03,-74.27684E+00
+259.0000E+03,-73.98388E+00
+259.5000E+03,-73.23192E+00
+260.0000E+03,-71.07372E+00
+260.5000E+03,-71.36669E+00
+261.0000E+03,-71.83544E+00
+261.5000E+03,-72.94872E+00
+262.0000E+03,-71.89403E+00
+262.5000E+03,-71.36669E+00
+263.0000E+03,-75.43895E+00
+263.5000E+03,-89.15966E+00
+264.0000E+03,-90.13622E+00
+264.5000E+03,-78.99364E+00
+265.0000E+03,-77.38231E+00
+265.5000E+03,-75.92723E+00
+266.0000E+03,-71.09325E+00
+266.5000E+03,-69.35497E+00
+267.0000E+03,-68.35888E+00
+267.5000E+03,-68.99364E+00
+268.0000E+03,-70.89794E+00
+268.5000E+03,-71.34716E+00
+269.0000E+03,-73.59325E+00
+269.5000E+03,-74.65770E+00
+270.0000E+03,-69.10106E+00
+270.5000E+03,-67.10888E+00
+271.0000E+03,-68.12450E+00
+271.5000E+03,-72.57763E+00
+272.0000E+03,-75.35106E+00
+272.5000E+03,-71.01513E+00
+273.0000E+03,-70.51708E+00
+273.5000E+03,-69.02294E+00
+274.0000E+03,-70.20458E+00
+274.5000E+03,-73.80809E+00
+275.0000E+03,-73.26122E+00
+275.5000E+03,-69.27684E+00
+276.0000E+03,-63.82763E+00
+276.5000E+03,-60.00927E+00
+277.0000E+03,-46.44481E+00
+277.5000E+03,-39.01317E+00
+278.0000E+03,-35.39013E+00
+278.5000E+03,-34.45263E+00
+279.0000E+03,-34.82372E+00
+279.5000E+03,-37.07958E+00
+280.0000E+03,-42.93895E+00
+280.5000E+03,-54.30614E+00
+281.0000E+03,-67.82177E+00
+281.5000E+03,-71.66942E+00
+282.0000E+03,-71.52294E+00
+282.5000E+03,-72.47020E+00
+283.0000E+03,-73.56395E+00
+283.5000E+03,-68.31981E+00
+284.0000E+03,-68.98388E+00
+284.5000E+03,-70.97606E+00
+285.0000E+03,-71.82567E+00
+285.5000E+03,-73.92528E+00
+286.0000E+03,-72.57763E+00
+286.5000E+03,-73.19286E+00
+287.0000E+03,-74.77489E+00
+287.5000E+03,-72.94872E+00
+288.0000E+03,-69.84325E+00
+288.5000E+03,-70.34130E+00
+289.0000E+03,-72.37255E+00
+289.5000E+03,-73.63231E+00
+290.0000E+03,-72.57763E+00
+290.5000E+03,-74.56981E+00
+291.0000E+03,-80.35106E+00
+291.5000E+03,-77.75341E+00
+292.0000E+03,-71.71825E+00
+292.5000E+03,-71.56200E+00
+293.0000E+03,-71.09325E+00
+293.5000E+03,-71.33739E+00
+294.0000E+03,-71.89403E+00
+294.5000E+03,-71.21044E+00
+295.0000E+03,-70.18505E+00
+295.5000E+03,-68.51513E+00
+296.0000E+03,-71.14208E+00
+296.5000E+03,-77.84130E+00
+297.0000E+03,-73.79833E+00
+297.5000E+03,-72.30419E+00
+298.0000E+03,-73.51513E+00
+298.5000E+03,-74.60888E+00
+299.0000E+03,-66.61083E+00
+299.5000E+03,-65.46825E+00
+300.0000E+03,-66.02489E+00
+300.5000E+03,-67.11864E+00
+301.0000E+03,-64.70653E+00
+301.5000E+03,-62.57763E+00
+302.0000E+03,-61.59130E+00
+302.5000E+03,-59.44286E+00
+303.0000E+03,-60.16552E+00
+303.5000E+03,-62.87059E+00
+304.0000E+03,-68.98388E+00
+304.5000E+03,-74.75536E+00
+305.0000E+03,-77.65575E+00
+305.5000E+03,-77.99755E+00
+306.0000E+03,-78.61278E+00
+306.5000E+03,-75.31200E+00
+307.0000E+03,-68.65184E+00
+307.5000E+03,-67.30419E+00
+308.0000E+03,-67.48973E+00
+308.5000E+03,-68.04638E+00
+309.0000E+03,-67.37255E+00
+309.5000E+03,-65.35106E+00
+310.0000E+03,-65.47802E+00
+310.5000E+03,-65.85888E+00
+311.0000E+03,-67.21630E+00
+311.5000E+03,-72.12841E+00
+312.0000E+03,-73.78856E+00
+312.5000E+03,-70.85888E+00
+313.0000E+03,-69.76513E+00
+313.5000E+03,-69.64794E+00
+314.0000E+03,-70.23388E+00
+314.5000E+03,-71.03466E+00
+315.0000E+03,-68.16356E+00
+315.5000E+03,-68.10497E+00
+316.0000E+03,-67.02098E+00
+316.5000E+03,-64.29638E+00
+317.0000E+03,-65.59520E+00
+317.5000E+03,-69.18895E+00
+318.0000E+03,-68.08544E+00
+318.5000E+03,-67.49950E+00
+319.0000E+03,-68.02684E+00
+319.5000E+03,-69.60888E+00
+320.0000E+03,-71.21044E+00
+320.5000E+03,-76.14208E+00
+321.0000E+03,-78.42723E+00
+321.5000E+03,-84.14013E+00
+322.0000E+03,-81.42528E+00
+322.5000E+03,-71.65966E+00
+323.0000E+03,-66.03466E+00
+323.5000E+03,-63.38817E+00
+324.0000E+03,-62.42138E+00
+324.5000E+03,-63.36864E+00
+325.0000E+03,-66.08348E+00
+325.5000E+03,-69.05223E+00
+326.0000E+03,-67.91942E+00
+326.5000E+03,-62.66552E+00
+327.0000E+03,-62.10888E+00
+327.5000E+03,-62.49950E+00
+328.0000E+03,-64.70653E+00
+328.5000E+03,-70.14598E+00
+329.0000E+03,-75.58544E+00
+329.5000E+03,-70.89794E+00
+330.0000E+03,-71.45458E+00
+330.5000E+03,-72.29442E+00
+331.0000E+03,-69.20848E+00
+331.5000E+03,-67.42138E+00
+332.0000E+03,-68.08544E+00
+332.5000E+03,-69.64794E+00
+333.0000E+03,-68.35888E+00
+333.5000E+03,-70.78075E+00
+334.0000E+03,-75.43895E+00
+334.5000E+03,-67.61669E+00
+335.0000E+03,-67.83153E+00
+335.5000E+03,-70.12645E+00
+336.0000E+03,-75.19481E+00
+336.5000E+03,-75.41942E+00
+337.0000E+03,-75.03856E+00
+337.5000E+03,-75.04833E+00
+338.0000E+03,-73.81786E+00
+338.5000E+03,-70.03856E+00
+339.0000E+03,-71.72802E+00
+339.5000E+03,-78.63231E+00
+340.0000E+03,-82.86083E+00
+340.5000E+03,-78.90575E+00
+341.0000E+03,-76.90380E+00
+341.5000E+03,-71.85497E+00
+342.0000E+03,-71.56200E+00
+342.5000E+03,-71.55223E+00
+343.0000E+03,-71.52294E+00
+343.5000E+03,-71.77684E+00
+344.0000E+03,-72.06981E+00
+344.5000E+03,-70.66356E+00
+345.0000E+03,-71.49364E+00
+345.5000E+03,-71.75731E+00
+346.0000E+03,-62.73388E+00
+346.5000E+03,-53.33934E+00
+347.0000E+03,-45.43895E+00
+347.5000E+03,-42.86083E+00
+348.0000E+03,-42.42138E+00
+348.5000E+03,-43.01708E+00
+349.0000E+03,-46.47411E+00
+349.5000E+03,-54.99950E+00
+350.0000E+03,-65.61473E+00
+350.5000E+03,-66.80614E+00
+351.0000E+03,-70.31200E+00
+351.5000E+03,-71.95263E+00
+352.0000E+03,-72.89013E+00
+352.5000E+03,-75.70263E+00
+353.0000E+03,-74.95067E+00
+353.5000E+03,-72.69481E+00
+354.0000E+03,-70.70263E+00
+354.5000E+03,-64.72606E+00
+355.0000E+03,-65.49755E+00
+355.5000E+03,-67.81200E+00
+356.0000E+03,-68.05614E+00
+356.5000E+03,-68.78856E+00
+357.0000E+03,-69.11083E+00
+357.5000E+03,-71.00536E+00
+358.0000E+03,-73.78856E+00
+358.5000E+03,-73.04638E+00
+359.0000E+03,-70.50731E+00
+359.5000E+03,-69.56981E+00
+360.0000E+03,-69.69677E+00
+360.5000E+03,-70.07763E+00
+361.0000E+03,-71.52294E+00
+361.5000E+03,-75.06786E+00
+362.0000E+03,-71.38622E+00
+362.5000E+03,-67.46044E+00
+363.0000E+03,-71.68895E+00
+363.5000E+03,-81.65966E+00
+364.0000E+03,-73.12450E+00
+364.5000E+03,-71.80614E+00
+365.0000E+03,-71.36669E+00
+365.5000E+03,-72.68505E+00
+366.0000E+03,-75.28270E+00
+366.5000E+03,-71.21044E+00
+367.0000E+03,-71.84520E+00
+367.5000E+03,-74.48192E+00
+368.0000E+03,-76.27880E+00
+368.5000E+03,-75.07763E+00
+369.0000E+03,-75.47802E+00
+369.5000E+03,-75.42919E+00
+370.0000E+03,-71.16161E+00
+370.5000E+03,-68.15380E+00
+371.0000E+03,-62.39208E+00
+371.5000E+03,-58.02684E+00
+372.0000E+03,-57.49950E+00
+372.5000E+03,-57.57763E+00
+373.0000E+03,-57.99755E+00
+373.5000E+03,-59.76513E+00
+374.0000E+03,-65.16552E+00
+374.5000E+03,-72.73388E+00
+375.0000E+03,-76.20067E+00
+375.5000E+03,-66.21044E+00
+376.0000E+03,-67.76317E+00
+376.5000E+03,-72.62645E+00
+377.0000E+03,-73.24169E+00
+377.5000E+03,-72.25536E+00
+378.0000E+03,-68.86669E+00
+378.5000E+03,-67.57763E+00
+379.0000E+03,-68.14403E+00
+379.5000E+03,-69.84325E+00
+380.0000E+03,-70.14598E+00
+380.5000E+03,-71.05419E+00
+381.0000E+03,-71.88427E+00
+381.5000E+03,-73.60302E+00
+382.0000E+03,-71.28856E+00
+382.5000E+03,-71.06395E+00
+383.0000E+03,-70.39013E+00
+383.5000E+03,-71.23973E+00
+384.0000E+03,-73.78856E+00
+384.5000E+03,-73.44677E+00
+385.0000E+03,-72.42138E+00
+385.5000E+03,-73.31005E+00
+386.0000E+03,-75.97606E+00
+386.5000E+03,-77.26513E+00
+387.0000E+03,-81.01513E+00
+387.5000E+03,-78.74950E+00
+388.0000E+03,-73.00731E+00
+388.5000E+03,-73.29052E+00
+389.0000E+03,-74.17919E+00
+389.5000E+03,-74.13036E+00
+390.0000E+03,-73.32958E+00
+390.5000E+03,-71.45458E+00
+391.0000E+03,-68.55419E+00
+391.5000E+03,-68.73973E+00
+392.0000E+03,-68.43700E+00
+392.5000E+03,-65.65380E+00
+393.0000E+03,-65.03856E+00
+393.5000E+03,-65.36083E+00
+394.0000E+03,-66.32763E+00
+394.5000E+03,-67.28466E+00
+395.0000E+03,-69.50145E+00
+395.5000E+03,-65.98583E+00
+396.0000E+03,-60.67333E+00
+396.5000E+03,-58.71044E+00
+397.0000E+03,-59.14989E+00
+397.5000E+03,-61.56200E+00
+398.0000E+03,-65.72216E+00
+398.5000E+03,-69.40380E+00
+399.0000E+03,-71.44481E+00
+399.5000E+03,-68.16356E+00
+400.0000E+03,-69.64794E+00
+400.5000E+03,-73.92528E+00
+401.0000E+03,-72.37255E+00
+401.5000E+03,-68.77880E+00
+402.0000E+03,-67.22606E+00
+402.5000E+03,-67.59716E+00
+403.0000E+03,-69.85302E+00
+403.5000E+03,-73.70067E+00
+404.0000E+03,-74.96044E+00
+404.5000E+03,-76.56200E+00
+405.0000E+03,-81.30809E+00
+405.5000E+03,-81.09325E+00
+406.0000E+03,-79.27684E+00
+406.5000E+03,-74.17919E+00
+407.0000E+03,-74.74559E+00
+407.5000E+03,-75.41942E+00
+408.0000E+03,-71.75731E+00
+408.5000E+03,-69.99950E+00
+409.0000E+03,-72.13817E+00
+409.5000E+03,-77.80223E+00
+410.0000E+03,-74.50145E+00
+410.5000E+03,-70.46825E+00
+411.0000E+03,-67.77294E+00
+411.5000E+03,-67.99755E+00
+412.0000E+03,-67.98778E+00
+412.5000E+03,-65.93700E+00
+413.0000E+03,-65.73192E+00
+413.5000E+03,-65.09716E+00
+414.0000E+03,-65.03856E+00
+414.5000E+03,-65.77098E+00
+415.0000E+03,-71.31786E+00
+415.5000E+03,-78.48583E+00
+416.0000E+03,-67.50927E+00
+416.5000E+03,-59.05223E+00
+417.0000E+03,-54.10106E+00
+417.5000E+03,-52.34325E+00
+418.0000E+03,-52.79247E+00
+418.5000E+03,-54.92138E+00
+419.0000E+03,-59.06200E+00
+419.5000E+03,-67.92919E+00
+420.0000E+03,-76.96239E+00
+420.5000E+03,-71.08348E+00
+421.0000E+03,-66.01513E+00
+421.5000E+03,-66.15184E+00
+422.0000E+03,-68.36864E+00
+422.5000E+03,-73.65184E+00
+423.0000E+03,-72.97802E+00
+423.5000E+03,-70.91747E+00
+424.0000E+03,-67.10888E+00
+424.5000E+03,-67.92919E+00
+425.0000E+03,-70.12645E+00
+425.5000E+03,-69.33544E+00
+426.0000E+03,-69.16942E+00
+426.5000E+03,-68.67138E+00
+427.0000E+03,-68.89598E+00
+427.5000E+03,-69.64794E+00
+428.0000E+03,-72.45067E+00
+428.5000E+03,-77.84130E+00
+429.0000E+03,-70.89794E+00
+429.5000E+03,-71.62059E+00
+430.0000E+03,-73.51513E+00
+430.5000E+03,-72.69481E+00
+431.0000E+03,-72.69481E+00
+431.5000E+03,-71.64013E+00
+432.0000E+03,-68.47606E+00
+432.5000E+03,-69.93114E+00
+433.0000E+03,-75.85888E+00
+433.5000E+03,-80.29247E+00
+434.0000E+03,-78.24169E+00
+434.5000E+03,-74.37450E+00
+435.0000E+03,-74.89208E+00
+435.5000E+03,-76.44481E+00
+436.0000E+03,-74.40380E+00
+436.5000E+03,-67.47020E+00
+437.0000E+03,-65.03856E+00
+437.5000E+03,-66.10302E+00
+438.0000E+03,-69.32567E+00
+438.5000E+03,-69.58934E+00
+439.0000E+03,-70.11669E+00
+439.5000E+03,-69.15966E+00
+440.0000E+03,-66.28856E+00
+440.5000E+03,-63.81786E+00
+441.0000E+03,-55.13622E+00
+441.5000E+03,-50.84911E+00
+442.0000E+03,-49.41356E+00
+442.5000E+03,-49.77489E+00
+443.0000E+03,-52.06981E+00
+443.5000E+03,-58.02684E+00
+444.0000E+03,-67.91942E+00
+444.5000E+03,-76.10302E+00
+445.0000E+03,-74.37450E+00
+445.5000E+03,-74.94091E+00
+446.0000E+03,-75.97606E+00
+446.5000E+03,-73.98388E+00
+447.0000E+03,-74.25731E+00
+447.5000E+03,-74.57958E+00
+448.0000E+03,-72.25536E+00
+448.5000E+03,-69.76513E+00
+449.0000E+03,-69.96044E+00
+449.5000E+03,-71.66942E+00
+450.0000E+03,-75.03856E+00
+450.5000E+03,-76.20067E+00
+451.0000E+03,-79.29638E+00
+451.5000E+03,-76.80614E+00
+452.0000E+03,-73.56395E+00
+452.5000E+03,-76.12255E+00
+453.0000E+03,-76.45458E+00
+453.5000E+03,-72.56786E+00
+454.0000E+03,-68.95458E+00
+454.5000E+03,-68.04638E+00
+455.0000E+03,-69.53075E+00
+455.5000E+03,-75.12645E+00
+456.0000E+03,-78.26122E+00
+456.5000E+03,-77.38231E+00
+457.0000E+03,-76.96239E+00
+457.5000E+03,-75.43895E+00
+458.0000E+03,-73.66161E+00
+458.5000E+03,-70.62450E+00
+459.0000E+03,-69.99950E+00
+459.5000E+03,-67.75341E+00
+460.0000E+03,-64.53075E+00
+460.5000E+03,-65.59520E+00
+461.0000E+03,-71.08348E+00
+461.5000E+03,-77.96825E+00
+462.0000E+03,-76.57177E+00
+462.5000E+03,-71.02489E+00
+463.0000E+03,-66.93309E+00
+463.5000E+03,-66.87450E+00
+464.0000E+03,-67.09911E+00
+464.5000E+03,-68.91552E+00
+465.0000E+03,-72.34325E+00
+465.5000E+03,-70.82958E+00
+466.0000E+03,-66.28856E+00
+466.5000E+03,-67.60692E+00
+467.0000E+03,-71.71825E+00
+467.5000E+03,-72.20653E+00
+468.0000E+03,-73.39794E+00
+468.5000E+03,-75.61473E+00
+469.0000E+03,-71.61083E+00
+469.5000E+03,-70.11669E+00
+470.0000E+03,-69.76513E+00
+470.5000E+03,-69.83348E+00
+471.0000E+03,-70.37059E+00
+471.5000E+03,-73.66161E+00
+472.0000E+03,-83.07567E+00
+472.5000E+03,-86.01513E+00
+473.0000E+03,-71.82567E+00
+473.5000E+03,-71.52294E+00
+474.0000E+03,-72.53856E+00
+474.5000E+03,-71.71825E+00
+475.0000E+03,-72.28466E+00
+475.5000E+03,-72.97802E+00
+476.0000E+03,-69.96044E+00
+476.5000E+03,-70.38036E+00
+477.0000E+03,-70.97606E+00
+477.5000E+03,-68.98388E+00
+478.0000E+03,-69.46239E+00
+478.5000E+03,-70.77098E+00
+479.0000E+03,-69.53075E+00
+479.5000E+03,-66.95263E+00
+480.0000E+03,-67.20653E+00
+480.5000E+03,-68.29052E+00
+481.0000E+03,-69.25731E+00
+481.5000E+03,-70.14598E+00
+482.0000E+03,-71.56200E+00
+482.5000E+03,-67.81200E+00
+483.0000E+03,-70.49755E+00
+483.5000E+03,-77.35302E+00
+484.0000E+03,-71.89403E+00
+484.5000E+03,-65.89794E+00
+485.0000E+03,-64.60888E+00
+485.5000E+03,-63.19286E+00
+486.0000E+03,-56.59130E+00
+486.5000E+03,-48.47606E+00
+487.0000E+03,-45.02880E+00
+487.5000E+03,-44.17919E+00
+488.0000E+03,-44.31591E+00
+488.5000E+03,-45.83934E+00
+489.0000E+03,-50.89794E+00
+489.5000E+03,-60.67333E+00
+490.0000E+03,-74.53075E+00
+490.5000E+03,-73.73973E+00
+491.0000E+03,-71.36669E+00
+491.5000E+03,-72.29442E+00
+492.0000E+03,-73.16356E+00
+492.5000E+03,-67.42138E+00
+493.0000E+03,-68.45653E+00
+493.5000E+03,-71.56200E+00
+494.0000E+03,-72.78270E+00
+494.5000E+03,-76.10302E+00
+495.0000E+03,-75.07763E+00
+495.5000E+03,-74.90184E+00
+496.0000E+03,-74.37450E+00
+496.5000E+03,-75.29247E+00
+497.0000E+03,-77.12841E+00
+497.5000E+03,-74.37450E+00
+498.0000E+03,-74.78466E+00
+498.5000E+03,-75.74169E+00
+499.0000E+03,-74.65770E+00
+499.5000E+03,
+500.0000E+03,
+500.5000E+03,
+501.0000E+03,
+501.5000E+03,
+502.0000E+03,
+502.5000E+03,
+503.0000E+03,
+503.5000E+03,
+504.0000E+03,
+504.5000E+03,
+505.0000E+03,
+505.5000E+03,
+506.0000E+03,
+506.5000E+03,
+507.0000E+03,
+507.5000E+03,
+508.0000E+03,
+508.5000E+03,
+509.0000E+03,
+509.5000E+03,
+510.0000E+03,
+510.5000E+03,
+511.0000E+03,
+511.5000E+03,
+512.0000E+03,
+512.5000E+03,
+513.0000E+03,
+513.5000E+03,
+514.0000E+03,
+514.5000E+03,
+515.0000E+03,
+515.5000E+03,
+516.0000E+03,
+516.5000E+03,
+517.0000E+03,
+517.5000E+03,
+518.0000E+03,
+518.5000E+03,
+519.0000E+03,
+519.5000E+03,
+520.0000E+03,
+520.5000E+03,
+521.0000E+03,
+521.5000E+03,
+522.0000E+03,
+522.5000E+03,
+523.0000E+03,
+523.5000E+03,
+524.0000E+03,
+524.5000E+03,
+525.0000E+03,
+525.5000E+03,
+526.0000E+03,
+526.5000E+03,
+527.0000E+03,
+527.5000E+03,
+528.0000E+03,
+528.5000E+03,
+529.0000E+03,
+529.5000E+03,
+530.0000E+03,
+530.5000E+03,
+531.0000E+03,
+531.5000E+03,
+532.0000E+03,
+532.5000E+03,
+533.0000E+03,
+533.5000E+03,
+534.0000E+03,
+534.5000E+03,
+535.0000E+03,
+535.5000E+03,
+536.0000E+03,
+536.5000E+03,
+537.0000E+03,
+537.5000E+03,
+538.0000E+03,
+538.5000E+03,
+539.0000E+03,
+539.5000E+03,
+540.0000E+03,
+540.5000E+03,
+541.0000E+03,
+541.5000E+03,
+542.0000E+03,
+542.5000E+03,
+543.0000E+03,
+543.5000E+03,
+544.0000E+03,
+544.5000E+03,
+545.0000E+03,
+545.5000E+03,
+546.0000E+03,
+546.5000E+03,
